Id,Predicted
00008af0-bad0-11e8-b2b8-ac1f6b6435d0,1
0000a892-bacf-11e8-b2b8-ac1f6b6435d0,1
0006faa6-bac7-11e8-b2b7-ac1f6b6435d0,1
0008baca-bad7-11e8-b2b9-ac1f6b6435d0,1
000cce7e-bad4-11e8-b2b8-ac1f6b6435d0,1
00109f6a-bac8-11e8-b2b7-ac1f6b6435d0,1
001765de-bacd-11e8-b2b8-ac1f6b6435d0,1
0018641a-bac9-11e8-b2b8-ac1f6b6435d0,1
00200f22-bad7-11e8-b2b9-ac1f6b6435d0,1
0026f154-bac6-11e8-b2b7-ac1f6b6435d0,1
002729d2-bace-11e8-b2b8-ac1f6b6435d0,1
002c1a7c-bad4-11e8-b2b8-ac1f6b6435d0,1
003170fa-bacd-11e8-b2b8-ac1f6b6435d0,1
0031820a-baca-11e8-b2b8-ac1f6b6435d0,1
00407c16-bad3-11e8-b2b8-ac1f6b6435d0,1
005ce2ea-bacc-11e8-b2b8-ac1f6b6435d0,1
00631ec8-bad9-11e8-b2b9-ac1f6b6435d0,1
00673f64-bad2-11e8-b2b8-ac1f6b6435d0,1
0070171c-bad0-11e8-b2b8-ac1f6b6435d0,1
007290b6-bad8-11e8-b2b9-ac1f6b6435d0,1
0075ee26-bacb-11e8-b2b8-ac1f6b6435d0,1
00763d66-bacd-11e8-b2b8-ac1f6b6435d0,1
007eca68-bac7-11e8-b2b7-ac1f6b6435d0,1
008ab0b8-bad5-11e8-b2b8-ac1f6b6435d0,1
008e8c3e-bad4-11e8-b2b8-ac1f6b6435d0,1
009131e6-baca-11e8-b2b8-ac1f6b6435d0,1
0094159e-bad1-11e8-b2b8-ac1f6b6435d0,1
0097a5c2-bac9-11e8-b2b8-ac1f6b6435d0,1
009d32e4-bad3-11e8-b2b8-ac1f6b6435d0,1
00a4925a-bad8-11e8-b2b9-ac1f6b6435d0,1
00a79920-bad1-11e8-b2b8-ac1f6b6435d0,1
00ad3e84-bad1-11e8-b2b8-ac1f6b6435d0,1
00ae837a-bac7-11e8-b2b7-ac1f6b6435d0,1
00aee508-bad2-11e8-b2b8-ac1f6b6435d0,1
